{"logloss": 0.030765114242118387, "_timestamp": 1678873501.1503584, "_runtime": 15.514391422271729, "_step": 8, "_wandb": {"runtime": 14}}