{"logloss": 0.03200402216857886, "_timestamp": 1678873473.0807924, "_runtime": 551.8403413295746, "_step": 4, "_wandb": {"runtime": 558}}