{"valid_0_binary_logloss": {"min": 0.029864604798676104}, "_timestamp": 1678873965.236302, "iteration": 1010, "_runtime": 49.1863329410553, "_step": 9584, "_wandb": {"runtime": 49}}