{"val_logloss": 0.030765114242118387, "train_logloss": 0.02063189410534887, "_timestamp": 1678873645.2541184, "_runtime": 14.554800510406494, "_step": 8, "_wandb": {"runtime": 13}}