{"epoch/loss": 0.047952935099601746, "epoch/binary_accuracy": 0.9864329099655151, "epoch/val_loss": 0.043458715081214905, "epoch/val_binary_accuracy": 0.9883468747138977, "epoch/lr": 0.0010000000474974513, "epoch/epoch": 1, "epoch/learning_rate": 0.0010000000474974513, "_timestamp": 1679339151.002448, "_runtime": 27.65324902534485, "_step": 1, "_wandb": {"runtime": 30}}